{"ENTITY_ID":10,"tables":[{"id":"1f271fca-f349-494c-9f20-debf93fced18","position":{"x":218,"y":82},"data":{"table_name":"auction","fields":[{"fieldName":"id","fieldType":2,"isPK":true,"isNotNull":false,"isUnique":false,"defaultValue":"","args":"","isAutoIncrement":true},{"fieldName":"code","fieldType":3,"isPK":false,"isNotNull":true,"isUnique":false,"defaultValue":"","args":"","isAutoIncrement":false},{"fieldName":"min_price","fieldType":4,"isPK":false,"isNotNull":true,"isUnique":false,"defaultValue":"","args":["8"],"isAutoIncrement":false},{"fieldName":"begin_date","fieldType":8,"isPK":false,"isNotNull":true,"isUnique":false,"defaultValue":"","args":"","isAutoIncrement":false},{"fieldName":"end_date","fieldType":8,"isPK":false,"isNotNull":true,"isUnique":false,"defaultValue":"","args":"","isAutoIncrement":false},{"fieldName":"isCancelled","fieldType":0,"isPK":false,"isNotNull":true,"isUnique":false,"defaultValue":"false","args":[1,1],"isAutoIncrement":false},{"fieldName":"isActive","fieldType":0,"isPK":false,"isNotNull":true,"isUnique":false,"defaultValue":"true","args":[1,1],"isAutoIncrement":false},{"fieldName":"maxBid","fieldType":4,"isPK":false,"isNotNull":false,"isUnique":false,"defaultValue":"","args":["8"],"isAutoIncrement":false},{"fieldName":"winner","fieldType":3,"isPK":false,"isNotNull":false,"isUnique":false,"defaultValue":"","args":"","isAutoIncrement":false}],"next_id":11,"checkName":["dates"],"checkCondition":["end_date > begin_date"]}},{"id":"119ac07c-c214-4d55-a830-2d7928f7ad48","position":{"x":997,"y":105},"data":{"table_name":"bid","fields":[{"fieldName":"id","fieldType":2,"isPK":true,"isNotNull":false,"isUnique":false,"defaultValue":"","args":"","isAutoIncrement":true},{"fieldName":"bid_date","fieldType":8,"isPK":false,"isNotNull":true,"isUnique":false,"defaultValue":"","args":"","isAutoIncrement":false},{"fieldName":"price","fieldType":4,"isPK":false,"isNotNull":true,"isUnique":false,"defaultValue":"","args":["8"],"isAutoIncrement":false},{"fieldName":"isInvalided","fieldType":0,"isPK":false,"isNotNull":true,"isUnique":false,"defaultValue":"false","args":[1,1],"isAutoIncrement":false}],"next_id":5,"checkName":[],"checkCondition":[]}},{"id":"efe35c13-9b49-4dbc-92d9-56d1c6d353f1","position":{"x":711,"y":473},"data":{"table_name":"person","fields":[{"fieldName":"id","fieldType":2,"isPK":true,"isNotNull":false,"isUnique":false,"defaultValue":"","args":"","isAutoIncrement":true},{"fieldName":"username","fieldType":10,"isPK":false,"isNotNull":true,"isUnique":true,"defaultValue":"","args":"512","isAutoIncrement":false},{"fieldName":"email","fieldType":10,"isPK":false,"isNotNull":true,"isUnique":true,"defaultValue":"","args":["512"],"isAutoIncrement":false},{"fieldName":"password","fieldType":10,"isPK":false,"isNotNull":true,"isUnique":false,"defaultValue":"","args":["512"],"isAutoIncrement":false}],"next_id":8,"checkName":[],"checkCondition":[]}},{"id":"1d12a5e1-d546-4122-92f3-5dd0808c132e","position":{"x":246,"y":597},"data":{"table_name":"message","fields":[{"fieldName":"id","fieldType":2,"isPK":true,"isNotNull":false,"isUnique":false,"defaultValue":"","args":"","isAutoIncrement":true},{"fieldName":"message","fieldType":10,"isPK":false,"isNotNull":true,"isUnique":false,"defaultValue":"","args":["512"],"isAutoIncrement":false},{"fieldName":"message_date","fieldType":8,"isPK":false,"isNotNull":true,"isUnique":false,"defaultValue":"","args":"","isAutoIncrement":false}],"next_id":5,"checkName":[],"checkCondition":[]}},{"id":"ab402bb8-63e3-441d-992f-8f787234a843","position":{"x":919,"y":611},"data":{"table_name":"notification","fields":[],"next_id":1,"checkName":[],"checkCondition":[]}},{"id":"afcb25ce-efdf-40c4-ac3f-80bac781fc6f","position":{"x":216,"y":435},"data":{"table_name":"feed_message","fields":[{"fieldName":"type","fieldType":10,"isPK":false,"isNotNull":true,"isUnique":false,"defaultValue":"","args":["512"],"isAutoIncrement":false}],"next_id":1,"checkName":["type"],"checkCondition":["type in ('comment', 'question','clarification')"]}},{"id":"43df771b-df34-42ec-8527-e4141f72157b","position":{"x":419,"y":348},"data":{"table_name":"admin","fields":[],"next_id":1,"checkName":[],"checkCondition":[]}},{"id":"77338a89-32b3-4241-9e8d-8af28e9016a8","position":{"x":723,"y":262},"data":{"table_name":"participant","fields":[{"fieldName":"isBanned","fieldType":0,"isPK":false,"isNotNull":true,"isUnique":false,"defaultValue":"false","args":"","isAutoIncrement":false}],"next_id":1,"checkName":[],"checkCondition":[]}},{"id":"e4871921-7123-4061-aa00-a70c85495acf","position":{"x":-8,"y":306},"data":{"table_name":"textual_description","fields":[{"fieldName":"version","fieldType":2,"isPK":true,"isNotNull":true,"isUnique":false,"defaultValue":"","args":"","isAutoIncrement":false},{"fieldName":"title","fieldType":10,"isPK":false,"isNotNull":false,"isUnique":false,"defaultValue":"","args":["512"],"isAutoIncrement":false},{"fieldName":"description","fieldType":10,"isPK":false,"isNotNull":false,"isUnique":false,"defaultValue":"","args":["512"],"isAutoIncrement":false},{"fieldName":"alteration_date","fieldType":8,"isPK":false,"isNotNull":false,"isUnique":false,"defaultValue":"","args":"","isAutoIncrement":false}],"next_id":4,"checkName":[],"checkCondition":[]}}],"links":[{"source":"1f271fca-f349-494c-9f20-debf93fced18","target":"119ac07c-c214-4d55-a830-2d7928f7ad48","order":"normal","sourceCard":"1:1","targetCard":"0:n","label":"to","hierType":null,"sourceisweak":false,"targetisweak":false},{"source":"ab402bb8-63e3-441d-992f-8f787234a843","target":"1d12a5e1-d546-4122-92f3-5dd0808c132e","order":"parenting","sourceCard":"0:1","targetCard":"0:1","label":"concrete","hierType":"concrete","sourceisweak":false,"targetisweak":false},{"source":"afcb25ce-efdf-40c4-ac3f-80bac781fc6f","target":"1d12a5e1-d546-4122-92f3-5dd0808c132e","order":"parenting","sourceCard":"0:1","targetCard":"0:1","label":"concrete","hierType":"concrete","sourceisweak":false,"targetisweak":false},{"source":"1f271fca-f349-494c-9f20-debf93fced18","target":"afcb25ce-efdf-40c4-ac3f-80bac781fc6f","order":"normal","sourceCard":"1:1","targetCard":"0:n","label":"belongs","hierType":null,"sourceisweak":false,"targetisweak":false},{"source":"43df771b-df34-42ec-8527-e4141f72157b","target":"efe35c13-9b49-4dbc-92d9-56d1c6d353f1","order":"parenting","sourceCard":"0:1","targetCard":"0:1","label":"concrete","hierType":"concrete","sourceisweak":false,"targetisweak":false},{"source":"77338a89-32b3-4241-9e8d-8af28e9016a8","target":"efe35c13-9b49-4dbc-92d9-56d1c6d353f1","order":"parenting","sourceCard":"0:1","targetCard":"0:1","label":"concrete","hierType":"concrete","sourceisweak":false,"targetisweak":false},{"source":"1f271fca-f349-494c-9f20-debf93fced18","target":"77338a89-32b3-4241-9e8d-8af28e9016a8","order":"normal","sourceCard":"0:n","targetCard":"1:1","label":"is created by","hierType":null,"sourceisweak":false,"targetisweak":false},{"source":"119ac07c-c214-4d55-a830-2d7928f7ad48","target":"77338a89-32b3-4241-9e8d-8af28e9016a8","order":"normal","sourceCard":"0:n","targetCard":"1:1","label":"is made by","hierType":null,"sourceisweak":false,"targetisweak":false},{"source":"43df771b-df34-42ec-8527-e4141f72157b","target":"77338a89-32b3-4241-9e8d-8af28e9016a8","order":"normal","sourceCard":"0:1","targetCard":"0:n","label":"bans","hierType":null,"sourceisweak":false,"targetisweak":false},{"source":"43df771b-df34-42ec-8527-e4141f72157b","target":"1f271fca-f349-494c-9f20-debf93fced18","order":"normal","sourceCard":"0:1","targetCard":"0:n","label":"is cancelled by","hierType":null,"sourceisweak":false,"targetisweak":false},{"source":"afcb25ce-efdf-40c4-ac3f-80bac781fc6f","target":"efe35c13-9b49-4dbc-92d9-56d1c6d353f1","order":"normal","sourceCard":"0:n","targetCard":"1:1","label":"is written by","hierType":null,"sourceisweak":false,"targetisweak":false},{"source":"e4871921-7123-4061-aa00-a70c85495acf","target":"1f271fca-f349-494c-9f20-debf93fced18","order":"normal","sourceCard":"1:n","targetCard":"1:1","label":"describes","hierType":null,"sourceisweak":true,"targetisweak":false},{"source":"77338a89-32b3-4241-9e8d-8af28e9016a8","target":"ab402bb8-63e3-441d-992f-8f787234a843","order":"normal","sourceCard":"1:1","targetCard":"0:n","label":"sent to","hierType":null,"sourceisweak":false,"targetisweak":false}],"normalization":1,"database":0}